{"metadata":{"asset_id":"7b2d998c-d249-441d-a313-2f4176bacc54","asset_attributes":["notebook"],"name":"Data Collection API","asset_type":"notebook","created_at":"2021-08-12T08:01:22Z","description":"","origin_country":"us","owner_id":"IBMid-666000W8ER","project_id":"ff89cd70-fd83-4888-8593-8fbdaf4c6132","size":387582,"tags":["notebook"],"usage":{"last_update_time":1628755343141,"last_updated_at":"2021-08-12T08:02:23Z"}},"entity":{"notebook":{"kernel":{"name":"python3","display_name":"Python 3.8","language":"python"},"originates_from":{"type":"blank"},"runtime":{"environment":"conda2py38-ff89cd70-fd83-4888-8593-8fbdaf4c6132"}}},"attachments":[{"id":"db22f893-ae4f-4c3a-828d-b242273bfc35","version":2,"asset_type":"notebook","name":"attachment for notebook 7b2d998c-d249-441d-a313-2f4176bacc54","description":"attachment for notebook 7b2d998c-d249-441d-a313-2f4176bacc54","mime":"application/json","datasource_type":"193a97c1-4475-4a19-b90c-295c4fdc6517","object_key":"notebook/Data_Collection_API_SZQFzdpWR.ipynb","creator_id":"IBMid-666000W8ER","create_time":1628755283722,"size":387582,"is_remote":false,"is_managed":false,"is_referenced":true,"is_object_key_read_only":false,"is_user_provided_path_key":true,"transfer_complete":true,"is_partitioned":false,"complete_time_ticks":1628755283722,"user_data":{},"test_doc":0,"handle":{"bucket":"applieddatasciencecapstone-donotdelete-pr-ixilj2k33qochj","location":"ap-geo","key":"notebook/Data_Collection_API_SZQFzdpWR.ipynb","upload_id":"done","max_part_num":1},"usage":{"access_count":0,"last_accessor_id":"IBMid-666000W8ER","last_access_time":1628755283722}}]}
