{"metadata":{"asset_id":"dafb9eb1-f5dc-41a0-9cb4-ba63f035857c","asset_attributes":["notebook"],"name":"EDA with Visualization","asset_type":"notebook","created_at":"2021-08-12T08:19:18Z","description":"","origin_country":"us","owner_id":"IBMid-666000W8ER","project_id":"ff89cd70-fd83-4888-8593-8fbdaf4c6132","size":192288,"tags":["notebook"],"usage":{"last_update_time":1628756562005,"last_updated_at":"2021-08-12T08:22:42Z"}},"entity":{"notebook":{"kernel":{"name":"python3","display_name":"Python 3.8","language":"python"},"originates_from":{"type":"blank"},"runtime":{"environment":"conda2py38-ff89cd70-fd83-4888-8593-8fbdaf4c6132"}}},"attachments":[{"id":"2606807b-3383-406e-80c9-ba75b0b1a798","version":2,"asset_type":"notebook","name":"attachment for notebook dafb9eb1-f5dc-41a0-9cb4-ba63f035857c","description":"attachment for notebook dafb9eb1-f5dc-41a0-9cb4-ba63f035857c","mime":"application/json","datasource_type":"193a97c1-4475-4a19-b90c-295c4fdc6517","object_key":"notebook/EDA_with_Visualization_20-Tee1DU.ipynb","creator_id":"IBMid-666000W8ER","create_time":1628756359098,"size":192288,"is_remote":false,"is_managed":false,"is_referenced":true,"is_object_key_read_only":false,"is_user_provided_path_key":true,"transfer_complete":true,"is_partitioned":false,"complete_time_ticks":1628756359098,"user_data":{},"test_doc":0,"handle":{"bucket":"applieddatasciencecapstone-donotdelete-pr-ixilj2k33qochj","location":"ap-geo","key":"notebook/EDA_with_Visualization_20-Tee1DU.ipynb","upload_id":"done","max_part_num":1},"usage":{"access_count":0,"last_accessor_id":"IBMid-666000W8ER","last_access_time":1628756359098}}]}
