{"metadata":{"asset_id":"59315e35-2d36-4bae-997a-8ace064b14f9","asset_attributes":["notebook"],"name":"Interactive Visual Analytics with Folium","asset_type":"notebook","created_at":"2021-08-12T08:27:32Z","description":"","origin_country":"us","owner_id":"IBMid-666000W8ER","project_id":"ff89cd70-fd83-4888-8593-8fbdaf4c6132","size":413072,"tags":["notebook"],"usage":{"last_update_time":1628756985199,"last_updated_at":"2021-08-12T08:29:45Z"}},"entity":{"notebook":{"kernel":{"name":"python3","display_name":"Python 3.8","language":"python"},"originates_from":{"type":"blank"},"runtime":{"environment":"conda2py38-ff89cd70-fd83-4888-8593-8fbdaf4c6132"}}},"attachments":[{"id":"abb1c1a6-c2b0-4c38-af79-d9dc02966bec","version":2,"asset_type":"notebook","name":"attachment for notebook 59315e35-2d36-4bae-997a-8ace064b14f9","description":"attachment for notebook 59315e35-2d36-4bae-997a-8ace064b14f9","mime":"application/json","datasource_type":"193a97c1-4475-4a19-b90c-295c4fdc6517","object_key":"notebook/Interactive_Visual_Analytics_with_Folium_acwLUMF-L.ipynb","creator_id":"IBMid-666000W8ER","create_time":1628756853377,"size":413072,"is_remote":false,"is_managed":false,"is_referenced":true,"is_object_key_read_only":false,"is_user_provided_path_key":true,"transfer_complete":true,"is_partitioned":false,"complete_time_ticks":1628756853377,"user_data":{},"test_doc":0,"handle":{"bucket":"applieddatasciencecapstone-donotdelete-pr-ixilj2k33qochj","location":"ap-geo","key":"notebook/Interactive_Visual_Analytics_with_Folium_acwLUMF-L.ipynb","upload_id":"done","max_part_num":1},"usage":{"access_count":0,"last_accessor_id":"IBMid-666000W8ER","last_access_time":1628756853377}}]}
