{"metadata":{"asset_id":"5a761266-d9f4-44e7-a649-a338ed047487","asset_attributes":["notebook"],"name":"Data Collection with Web Scraping","asset_type":"notebook","created_at":"2021-08-12T08:02:55Z","description":"","origin_country":"us","owner_id":"IBMid-666000W8ER","project_id":"ff89cd70-fd83-4888-8593-8fbdaf4c6132","size":4773968,"tags":["notebook"],"usage":{"last_update_time":1628755506008,"last_updated_at":"2021-08-12T08:05:06Z"}},"entity":{"notebook":{"kernel":{"name":"python3","display_name":"Python 3.8","language":"python"},"originates_from":{"type":"blank"},"runtime":{"environment":"conda2py38-ff89cd70-fd83-4888-8593-8fbdaf4c6132"}}},"attachments":[{"id":"11513d1b-6d15-4ac7-bdeb-20649b9a74ab","version":2,"asset_type":"notebook","name":"attachment for notebook 5a761266-d9f4-44e7-a649-a338ed047487","description":"attachment for notebook 5a761266-d9f4-44e7-a649-a338ed047487","mime":"application/json","datasource_type":"193a97c1-4475-4a19-b90c-295c4fdc6517","object_key":"notebook/Data_Collection_with_Web_Scraping_cIQtjF4RJ.ipynb","creator_id":"IBMid-666000W8ER","create_time":1628755376745,"size":4773968,"is_remote":false,"is_managed":false,"is_referenced":true,"is_object_key_read_only":false,"is_user_provided_path_key":true,"transfer_complete":true,"is_partitioned":false,"complete_time_ticks":1628755376745,"user_data":{},"test_doc":0,"handle":{"bucket":"applieddatasciencecapstone-donotdelete-pr-ixilj2k33qochj","location":"ap-geo","key":"notebook/Data_Collection_with_Web_Scraping_cIQtjF4RJ.ipynb","upload_id":"done","max_part_num":1},"usage":{"access_count":0,"last_accessor_id":"IBMid-666000W8ER","last_access_time":1628755376745}}]}
