{"metadata":{"asset_id":"d79c9aa8-a5bb-4b0b-8988-39aaa9813c11","asset_attributes":["notebook"],"name":"EDA with SQL","asset_type":"notebook","created_at":"2021-08-12T08:17:35Z","description":"","origin_country":"us","owner_id":"IBMid-666000W8ER","project_id":"ff89cd70-fd83-4888-8593-8fbdaf4c6132","size":27794,"tags":["notebook"],"usage":{"last_update_time":1628756341274,"last_updated_at":"2021-08-12T08:19:01Z"}},"entity":{"notebook":{"kernel":{"name":"python3","display_name":"Python 3.8","language":"python"},"originates_from":{"type":"blank"},"runtime":{"environment":"conda2py38-ff89cd70-fd83-4888-8593-8fbdaf4c6132"}}},"attachments":[{"id":"5ab3b54c-ee00-4500-bf37-eb67414ed6c3","version":2,"asset_type":"notebook","name":"attachment for notebook d79c9aa8-a5bb-4b0b-8988-39aaa9813c11","description":"attachment for notebook d79c9aa8-a5bb-4b0b-8988-39aaa9813c11","mime":"application/json","datasource_type":"193a97c1-4475-4a19-b90c-295c4fdc6517","object_key":"notebook/EDA_with_SQL_PynAzbj5x.ipynb","creator_id":"IBMid-666000W8ER","create_time":1628756255649,"size":27794,"is_remote":false,"is_managed":false,"is_referenced":true,"is_object_key_read_only":false,"is_user_provided_path_key":true,"transfer_complete":true,"is_partitioned":false,"complete_time_ticks":1628756255649,"user_data":{},"test_doc":0,"handle":{"bucket":"applieddatasciencecapstone-donotdelete-pr-ixilj2k33qochj","location":"ap-geo","key":"notebook/EDA_with_SQL_PynAzbj5x.ipynb","upload_id":"done","max_part_num":1},"usage":{"access_count":0,"last_accessor_id":"IBMid-666000W8ER","last_access_time":1628756255649}}]}
