{"metadata":{"asset_id":"1d62a5ca-79b0-4ff2-8af4-b8c67172ef01","asset_attributes":["notebook"],"name":"Machine Learning Prediction","asset_type":"notebook","created_at":"2021-08-12T08:24:05Z","description":"","origin_country":"us","owner_id":"IBMid-666000W8ER","project_id":"ff89cd70-fd83-4888-8593-8fbdaf4c6132","size":79580,"tags":["notebook"],"usage":{"last_update_time":1628756834738,"last_updated_at":"2021-08-12T08:27:14Z"}},"entity":{"notebook":{"kernel":{"name":"python3","display_name":"Python 3.8","language":"python"},"originates_from":{"type":"blank"},"runtime":{"environment":"conda2py38-ff89cd70-fd83-4888-8593-8fbdaf4c6132"}}},"attachments":[{"id":"82b2bf81-5659-433f-9f91-372d33488265","version":2,"asset_type":"notebook","name":"attachment for notebook 1d62a5ca-79b0-4ff2-8af4-b8c67172ef01","description":"attachment for notebook 1d62a5ca-79b0-4ff2-8af4-b8c67172ef01","mime":"application/json","datasource_type":"193a97c1-4475-4a19-b90c-295c4fdc6517","object_key":"notebook/Machine_Learning_Prediction_I_vcNwnto.ipynb","creator_id":"IBMid-666000W8ER","create_time":1628756646482,"size":79580,"is_remote":false,"is_managed":false,"is_referenced":true,"is_object_key_read_only":false,"is_user_provided_path_key":true,"transfer_complete":true,"is_partitioned":false,"complete_time_ticks":1628756646482,"user_data":{},"test_doc":0,"handle":{"bucket":"applieddatasciencecapstone-donotdelete-pr-ixilj2k33qochj","location":"ap-geo","key":"notebook/Machine_Learning_Prediction_I_vcNwnto.ipynb","upload_id":"done","max_part_num":1},"usage":{"access_count":0,"last_accessor_id":"IBMid-666000W8ER","last_access_time":1628756646482}}]}
